,ELO_HOME,ELO_AWAY,MOMENTUM_HOME_CLEAN,MOMENTUM_AWAY_CLEAN,AVG_HOME_PTS_3,AVG_AWAY_PTS_3,AVG_HOME_PTS_7,AVG_AWAY_PTS_7,AVG_HOME_FG_PCT_3,AVG_AWAY_FG_PCT_3,AVG_HOME_FG_PCT_7,AVG_AWAY_FG_PCT_7,AVG_HOME_REB_3,AVG_AWAY_REB_3,AVG_HOME_REB_7,AVG_AWAY_REB_7,AVG_HOME_AST_3,AVG_AWAY_AST_3,AVG_HOME_AST_7,AVG_AWAY_AST_7,AVG_HOME_STL_3,AVG_AWAY_STL_3,AVG_HOME_STL_7,AVG_AWAY_STL_7,AVG_HOME_BLK_3,AVG_AWAY_BLK_3,AVG_HOME_BLK_7,AVG_AWAY_BLK_7
0,1573.2322669568598,1464.862809976146,3,1,110.66666666666667,116.33333333333333,117,115.14285714285714,0.48300000000000004,0.49066666666666675,0.502,0.5102857142857142,40.333333333333336,44,43.57142857142857,41.42857142857143,23.333333333333332,28,25,26.142857142857142,9,6.666666666666667,7.857142857142857,8.428571428571429,4.333333333333333,6.333333333333333,6,4.428571428571429
