,ELO_HOME,ELO_AWAY,MOMENTUM_HOME_CLEAN,MOMENTUM_AWAY_CLEAN,AVG_HOME_PTS_3,AVG_AWAY_PTS_3,AVG_HOME_PTS_7,AVG_AWAY_PTS_7,AVG_HOME_FG_PCT_3,AVG_AWAY_FG_PCT_3,AVG_HOME_FG_PCT_7,AVG_AWAY_FG_PCT_7,AVG_HOME_REB_3,AVG_AWAY_REB_3,AVG_HOME_REB_7,AVG_AWAY_REB_7,AVG_HOME_AST_3,AVG_AWAY_AST_3,AVG_HOME_AST_7,AVG_AWAY_AST_7,AVG_HOME_STL_3,AVG_AWAY_STL_3,AVG_HOME_STL_7,AVG_AWAY_STL_7,AVG_HOME_BLK_3,AVG_AWAY_BLK_3,AVG_HOME_BLK_7,AVG_AWAY_BLK_7
0,1464.862809976146,1497.9595740466752,1,3,116.33333333333333,124.33333333333333,115.14285714285714,127.85714285714286,0.49066666666666675,0.4966666666666666,0.5102857142857142,0.5082857142857143,44,49.333333333333336,41.42857142857143,45.857142857142854,28,32,26.142857142857142,33.285714285714285,6.666666666666667,7,8.428571428571429,8.428571428571429,6.333333333333333,4,4.428571428571429,3.7142857142857144
