,ELO_HOME,ELO_AWAY,MOMENTUM_HOME_CLEAN,MOMENTUM_AWAY_CLEAN,AVG_HOME_PTS_3,AVG_AWAY_PTS_3,AVG_HOME_PTS_7,AVG_AWAY_PTS_7,AVG_HOME_FG_PCT_3,AVG_AWAY_FG_PCT_3,AVG_HOME_FG_PCT_7,AVG_AWAY_FG_PCT_7,AVG_HOME_REB_3,AVG_AWAY_REB_3,AVG_HOME_REB_7,AVG_AWAY_REB_7,AVG_HOME_AST_3,AVG_AWAY_AST_3,AVG_HOME_AST_7,AVG_AWAY_AST_7,AVG_HOME_STL_3,AVG_AWAY_STL_3,AVG_HOME_STL_7,AVG_AWAY_STL_7,AVG_HOME_BLK_3,AVG_AWAY_BLK_3,AVG_HOME_BLK_7,AVG_AWAY_BLK_7
0,1604.3069602454914,1744.0477235652877,3,5,129.66666666666666,132,120.57142857142857,126.57142857142857,0.5083333333333333,0.49333333333333335,0.4771428571428572,0.49557142857142855,53,45.666666666666664,50.285714285714285,45.57142857142857,31,30,25,29.285714285714285,8.333333333333334,10.666666666666666,8.714285714285714,9.571428571428571,5,7,4.714285714285714,6.571428571428571
