,ELO_HOME,ELO_AWAY,MOMENTUM_HOME_CLEAN,MOMENTUM_AWAY_CLEAN,AVG_HOME_PTS_3,AVG_AWAY_PTS_3,AVG_HOME_PTS_7,AVG_AWAY_PTS_7,AVG_HOME_FG_PCT_3,AVG_AWAY_FG_PCT_3,AVG_HOME_FG_PCT_7,AVG_AWAY_FG_PCT_7,AVG_HOME_REB_3,AVG_AWAY_REB_3,AVG_HOME_REB_7,AVG_AWAY_REB_7,AVG_HOME_AST_3,AVG_AWAY_AST_3,AVG_HOME_AST_7,AVG_AWAY_AST_7,AVG_HOME_STL_3,AVG_AWAY_STL_3,AVG_HOME_STL_7,AVG_AWAY_STL_7,AVG_HOME_BLK_3,AVG_AWAY_BLK_3,AVG_HOME_BLK_7,AVG_AWAY_BLK_7
0,1577.512134872433,1380.9766132245802,-1,-1,118,97,116,106.42857142857143,0.4506666666666667,0.442,0.473,0.48914285714285716,42,47.333333333333336,40.42857142857143,44.142857142857146,25,25.666666666666668,24.714285714285715,28,7.666666666666667,8,7.285714285714286,7.714285714285714,4,5.666666666666667,3.4285714285714284,5.285714285714286
