,ELO_HOME,ELO_AWAY,MOMENTUM_HOME_CLEAN,MOMENTUM_AWAY_CLEAN,AVG_HOME_PTS_3,AVG_AWAY_PTS_3,AVG_HOME_PTS_7,AVG_AWAY_PTS_7,AVG_HOME_FG_PCT_3,AVG_AWAY_FG_PCT_3,AVG_HOME_FG_PCT_7,AVG_AWAY_FG_PCT_7,AVG_HOME_REB_3,AVG_AWAY_REB_3,AVG_HOME_REB_7,AVG_AWAY_REB_7,AVG_HOME_AST_3,AVG_AWAY_AST_3,AVG_HOME_AST_7,AVG_AWAY_AST_7,AVG_HOME_STL_3,AVG_AWAY_STL_3,AVG_HOME_STL_7,AVG_AWAY_STL_7,AVG_HOME_BLK_3,AVG_AWAY_BLK_3,AVG_HOME_BLK_7,AVG_AWAY_BLK_7
0,1460.445983184818,1575.7765820116572,-1,1,116,113.33333333333333,110.42857142857143,118.71428571428571,0.4626666666666666,0.41333333333333333,0.434,0.475,38.666666666666664,43.333333333333336,47.142857142857146,42,32,22.333333333333332,30.428571428571427,25,10.333333333333334,5.333333333333333,9.142857142857142,6.571428571428571,2.6666666666666665,5,3.5714285714285716,5.285714285714286
