{
    "home_team": "New Orleans Pelicans",
    "away_team": "Boston Celtics",
    "prob": 0.22011144883485306,
    "features": {
        "ELO_HOME": 1380.9766132245802,
        "ELO_AWAY": 1661.455874680861,
        "MOMENTUM_HOME_CLEAN": -1.0,
        "MOMENTUM_AWAY_CLEAN": 3.0,
        "AVG_HOME_PTS_3": 97.0,
        "AVG_AWAY_PTS_3": 113.66666666666667,
        "AVG_HOME_PTS_7": 106.42857142857143,
        "AVG_AWAY_PTS_7": 119.42857142857143,
        "AVG_HOME_FG_PCT_3": 0.442,
        "AVG_AWAY_FG_PCT_3": 0.4443333333333334,
        "AVG_HOME_FG_PCT_7": 0.48914285714285716,
        "AVG_AWAY_FG_PCT_7": 0.47200000000000003,
        "AVG_HOME_REB_3": 47.333333333333336,
        "AVG_AWAY_REB_3": 50.333333333333336,
        "AVG_HOME_REB_7": 44.142857142857146,
        "AVG_AWAY_REB_7": 47.142857142857146,
        "AVG_HOME_AST_3": 25.666666666666668,
        "AVG_AWAY_AST_3": 28.666666666666668,
        "AVG_HOME_AST_7": 28.0,
        "AVG_AWAY_AST_7": 29.285714285714285,
        "AVG_HOME_STL_3": 8.0,
        "AVG_AWAY_STL_3": 3.0,
        "AVG_HOME_STL_7": 7.714285714285714,
        "AVG_AWAY_STL_7": 6.428571428571429,
        "AVG_HOME_BLK_3": 5.666666666666667,
        "AVG_AWAY_BLK_3": 4.333333333333333,
        "AVG_HOME_BLK_7": 5.285714285714286,
        "AVG_AWAY_BLK_7": 4.857142857142857
    },
    "last_5_home": [
        {
            "GAME_DATE": 